Condition,SNR_dB,RMSE_rad,t_cov_ms,t_sel_ms,t_es_ms,t_total_ms,iters,rf_chain_time
Cov 12->6,3,0.0155120290024704,1.3079,0.6774,0.25065,2.23555,NaN,NaN
Cov 12->6,6,0.00247182910025909,1.314,0.6774,0.2531,2.241,NaN,NaN
Cov 12->12,3,0.0282672501331946,1.2996,0.5752,0.2947,2.1695,NaN,NaN
Cov 12->12,6,0.00633296943010752,1.3051,0.5766,0.2943,2.17385,NaN,NaN
Sect 12->6,3,0.455424760559178,1.2755,0.2286,0.1927,1.6973,NaN,NaN
Sect 12->6,6,0.199154404737466,1.2766,0.2284,0.1916,1.69535,NaN,NaN
Sect 12->12,3,0.0147770172705207,1.2603,0.2256,0.235,1.723,NaN,NaN
Sect 12->12,6,0.00637963543909925,1.2672,0.2263,0.2362,1.7311,NaN,NaN
